TỦ ĐIỆN ,DMX-LT-FO&PT3,,,,,,,,,,,,,,,,,,,,,,,,,,,,,,
,,,,,,,,,,,,,,,,,,,,,,,,,,,,,,,
DMX ,"ĐỊA CHỈ
(Group)  ",TÊN LỘ ,,SCENE SETTING,,,,,,,,,,,,,,,,,,,,,,,,SCENE OVERIDE,,,
,,,,DAY TIME,,,,,,,,,,,,Night Time,,,,,,,Late Time,,,,,EVENT,BRIGHT,DIM,MASTER ON/OFF
,,,,6:00,7:00,8:00,9:00,10:00,11:00,12:00,13:00,14:00,15:00,16:00,17:00,18:00,19:00,20:00,21:00,22:00,23:00,0:00,1:00,2:00,3:00,4:00,5:00,,,,
RCU,Group 1,SPARE,,0%,0%,0%,0%,0%,0%,0%,0%,0%,0%,0%,0%,0%,0%,0%,0%,0%,0%,0%,0%,0%,0%,0%,0%,0%,0%,0%,0
,Group 2,SPARE,,0%,0%,0%,0%,0%,0%,0%,0%,0%,0%,0%,0%,0%,0%,0%,0%,0%,0%,0%,0%,0%,0%,0%,0%,0%,0%,0%,0
,Group 3,SPARE,,0%,0%,0%,0%,0%,0%,0%,0%,0%,0%,0%,0%,0%,0%,0%,0%,0%,0%,0%,0%,0%,0%,0%,0%,0%,0%,0%,0
,Group 4,SPARE,,0%,0%,0%,0%,0%,0%,0%,0%,0%,0%,0%,0%,0%,0%,0%,0%,0%,0%,0%,0%,0%,0%,0%,0%,0%,0%,0%,0
,Group 5,SPARE,,0%,0%,0%,0%,0%,0%,0%,0%,0%,0%,0%,0%,0%,0%,0%,0%,0%,0%,0%,0%,0%,0%,0%,0%,0%,0%,0%,0
,Group 6,SPARE,,0%,0%,0%,0%,0%,0%,0%,0%,0%,0%,0%,0%,0%,0%,0%,0%,0%,0%,0%,0%,0%,0%,0%,0%,0%,0%,0%,0
,Group 7,SPARE,,0%,0%,0%,0%,0%,0%,0%,0%,0%,0%,0%,0%,0%,0%,0%,0%,0%,0%,0%,0%,0%,0%,0%,0%,0%,0%,0%,0
,Group 8,SPARE,,0%,0%,0%,0%,0%,0%,0%,0%,0%,0%,0%,0%,0%,0%,0%,0%,0%,0%,0%,0%,0%,0%,0%,0%,0%,0%,0%,0
DMX 1,Group 9,VIP-BO-1.1,,100%,100%,100%,100%,100%,100%,100%,100%,100%,100%,100%,100%,100%,100%,100%,100%,100%,100%,100%,100%,100%,100%,100%,100%,100%,90%,70%,ON/OFF
,Group 10,VIP-BO-1.2,,100%,100%,100%,100%,100%,100%,100%,100%,100%,100%,100%,100%,100%,100%,100%,100%,100%,100%,100%,100%,100%,100%,100%,100%,100%,90%,70%,ON/OFF
,Group 11,VIP-BO-1.3,,100%,100%,100%,100%,100%,100%,100%,100%,100%,100%,100%,100%,100%,100%,100%,100%,100%,100%,100%,100%,100%,100%,100%,100%,100%,90%,70%,ON/OFF
,Group 12,VIP-BO-2,,100%,100%,100%,100%,100%,100%,100%,100%,100%,100%,100%,100%,100%,100%,100%,100%,100%,100%,100%,100%,100%,100%,100%,100%,100%,90%,70%,ON/OFF
DMX 2,Group 13,VIP-BO-3.1,,100%,100%,100%,100%,100%,100%,100%,100%,100%,100%,100%,100%,100%,100%,100%,100%,100%,100%,100%,100%,100%,100%,100%,100%,100%,90%,70%,ON/OFF
,Group 14,VIP-BO-3.2,,100%,100%,100%,100%,100%,100%,100%,100%,100%,100%,100%,100%,100%,100%,100%,100%,100%,100%,100%,100%,100%,100%,100%,100%,100%,90%,70%,ON/OFF
,Group 15,VIP-BO-4.1,,100%,100%,100%,100%,100%,100%,100%,100%,100%,100%,100%,100%,100%,100%,100%,100%,100%,100%,100%,100%,100%,100%,100%,100%,100%,90%,70%,ON/OFF
,Group 16,VIP-BO-4.2,,100%,100%,100%,100%,100%,100%,100%,100%,100%,100%,100%,100%,100%,100%,100%,100%,100%,100%,100%,100%,100%,100%,100%,100%,100%,90%,70%,ON/OFF
DMX 3,Group 17,VIP-BO-5.1,,100%,100%,100%,100%,100%,100%,100%,100%,100%,100%,100%,100%,100%,100%,100%,100%,100%,100%,100%,100%,100%,100%,100%,100%,100%,90%,70%,ON/OFF
,Group 18,VIP-BO-5.2,,100%,100%,100%,100%,100%,100%,100%,100%,100%,100%,100%,100%,100%,100%,100%,100%,100%,100%,100%,100%,100%,100%,100%,100%,100%,90%,70%,ON/OFF
,Group 19,VIP-BO-5.3,,100%,100%,100%,100%,100%,100%,100%,100%,100%,100%,100%,100%,100%,100%,100%,100%,100%,100%,100%,100%,100%,100%,100%,100%,100%,90%,70%,ON/OFF
,Group 20,VIP-BO-6,,100%,100%,100%,100%,100%,100%,100%,100%,100%,100%,100%,100%,100%,100%,100%,100%,100%,100%,100%,100%,100%,100%,100%,100%,100%,90%,70%,ON/OFF
DMX 4,Group 21,VIP-BO-7,,100%,100%,100%,100%,100%,100%,100%,100%,100%,100%,100%,100%,100%,100%,100%,100%,100%,100%,100%,100%,100%,100%,100%,100%,100%,90%,70%,ON/OFF
,Group 22,VIP-BO-8,,100%,100%,100%,100%,100%,100%,100%,100%,100%,100%,100%,100%,100%,100%,100%,100%,100%,100%,100%,100%,100%,100%,100%,100%,100%,90%,70%,ON/OFF
,Group 23,VIP-CK1-1,,75%,75%,75%,75%,75%,75%,75%,75%,75%,75%,75%,75%,75%,75%,75%,75%,75%,75%,75%,75%,75%,75%,75%,75%,100%,90%,70%,ON/OFF
,Group 24,VIP-CK1-2,,100%,100%,100%,100%,100%,100%,100%,100%,100%,100%,100%,100%,100%,100%,100%,100%,100%,100%,100%,100%,100%,100%,100%,100%,100%,90%,70%,ON/OFF
DMX 5,Group 25,VIP-CK2-1,,75%,75%,75%,75%,75%,75%,75%,75%,75%,75%,75%,75%,75%,75%,75%,75%,75%,75%,75%,75%,75%,75%,75%,75%,100%,90%,70%,ON/OFF
,Group 26,VIP-FY-2,,100%,100%,100%,100%,100%,100%,100%,100%,100%,100%,100%,100%,100%,100%,100%,100%,100%,100%,100%,100%,100%,100%,100%,100%,100%,90%,70%,ON/OFF
,Group 27,VIP-FY-3.1,,75%,75%,75%,75%,75%,75%,75%,75%,75%,75%,75%,75%,75%,75%,75%,75%,75%,75%,75%,75%,75%,75%,75%,75%,100%,90%,70%,ON/OFF
,Group 28,VIP-FY-3.2,,75%,75%,75%,75%,75%,75%,75%,75%,75%,75%,75%,75%,75%,75%,75%,75%,75%,75%,75%,75%,75%,75%,75%,75%,100%,90%,70%,ON/OFF
DMX 6,Group 29,VIP-FY-3.3,,75%,75%,75%,75%,75%,75%,75%,75%,75%,75%,75%,75%,75%,75%,75%,75%,75%,75%,75%,75%,75%,75%,75%,75%,100%,90%,70%,ON/OFF
,Group 30,VIP-FY-3.4,,75%,75%,75%,75%,75%,75%,75%,75%,75%,75%,75%,75%,75%,75%,75%,75%,75%,75%,75%,75%,75%,75%,75%,75%,100%,90%,70%,ON/OFF
,Group 31,VIP-FY-4,,100%,100%,100%,100%,100%,100%,100%,100%,100%,100%,100%,100%,100%,100%,100%,100%,100%,100%,100%,100%,100%,100%,100%,100%,100%,90%,70%,ON/OFF
,Group 32,VIP-FY-5.1,,75%,75%,75%,75%,75%,75%,75%,75%,75%,75%,75%,75%,75%,75%,75%,75%,75%,75%,75%,75%,75%,75%,75%,75%,100%,90%,70%,ON/OFF
DMX 7,Group 33,VIP-FY-5.2,,75%,75%,75%,75%,75%,75%,75%,75%,75%,75%,75%,75%,75%,75%,75%,75%,75%,75%,75%,75%,75%,75%,75%,75%,100%,90%,70%,ON/OFF
,Group 34,VIP-FY-6,,100%,100%,100%,100%,100%,100%,100%,100%,100%,100%,100%,100%,100%,100%,100%,100%,100%,100%,100%,100%,100%,100%,100%,100%,100%,90%,70%,ON/OFF
,Group 35,VIP-FY-7,,100%,100%,100%,100%,100%,100%,100%,100%,100%,100%,100%,100%,100%,100%,100%,100%,100%,100%,100%,100%,100%,100%,100%,100%,100%,90%,70%,ON/OFF
,Group 36,VIP-FY-8,,100%,100%,100%,100%,100%,100%,100%,100%,100%,100%,100%,100%,100%,100%,100%,100%,100%,100%,100%,100%,100%,100%,100%,100%,100%,90%,70%,ON/OFF
DMX 8,Group 37,VIP-FY-9,,100%,100%,100%,100%,100%,100%,100%,100%,100%,100%,100%,100%,100%,100%,100%,100%,100%,100%,100%,100%,100%,100%,100%,100%,100%,90%,70%,ON/OFF
,Group 38,VIP-FY-10,,100%,100%,100%,100%,100%,100%,100%,100%,100%,100%,100%,100%,100%,100%,100%,100%,100%,100%,100%,100%,100%,100%,100%,100%,100%,90%,70%,ON/OFF
,Group 39,VIP-PF-2,,100%,100%,100%,100%,100%,100%,100%,100%,100%,100%,100%,100%,100%,100%,100%,100%,100%,100%,100%,100%,100%,100%,100%,100%,100%,90%,70%,ON/OFF
,Group 40,VIP-PF-3,,75%,75%,75%,75%,75%,75%,75%,75%,75%,75%,75%,75%,75%,75%,75%,75%,75%,75%,75%,75%,75%,75%,75%,75%,100%,90%,70%,ON/OFF
DMX 9,Group 41,VIP-PF-4,,100%,100%,100%,100%,100%,100%,100%,100%,100%,100%,100%,100%,100%,100%,100%,100%,100%,100%,100%,100%,100%,100%,100%,100%,100%,90%,70%,ON/OFF
,Group 42,VIP-PF-5,,100%,100%,100%,100%,100%,100%,100%,100%,100%,100%,100%,100%,100%,100%,100%,100%,100%,100%,100%,100%,100%,100%,100%,100%,100%,90%,70%,ON/OFF
,Group 43,VIP-PF-6,,100%,100%,100%,100%,100%,100%,100%,100%,100%,100%,100%,100%,100%,100%,100%,100%,100%,100%,100%,100%,100%,100%,100%,100%,100%,90%,70%,ON/OFF
,Group 44,VIP-PF-7,,100%,100%,100%,100%,100%,100%,100%,100%,100%,100%,100%,100%,100%,100%,100%,100%,100%,100%,100%,100%,100%,100%,100%,100%,100%,90%,70%,ON/OFF
DMX 10,Group 45,VIP-VIP-2,,100%,100%,100%,100%,100%,100%,100%,100%,100%,100%,100%,100%,100%,100%,100%,100%,100%,100%,100%,100%,100%,100%,100%,100%,100%,90%,70%,ON/OFF
,Group 46,VIP-VIP-3,,100%,100%,100%,100%,100%,100%,100%,100%,100%,100%,100%,100%,100%,100%,100%,100%,100%,100%,100%,100%,100%,100%,100%,100%,100%,90%,70%,ON/OFF
,Group 47,VIP-VIP-4,,100%,100%,100%,100%,100%,100%,100%,100%,100%,100%,100%,100%,100%,100%,100%,100%,100%,100%,100%,100%,100%,100%,100%,100%,100%,90%,70%,ON/OFF
,Group 48,VIP-VIP-5,,100%,100%,100%,100%,100%,100%,100%,100%,100%,100%,100%,100%,100%,100%,100%,100%,100%,100%,100%,100%,100%,100%,100%,100%,100%,90%,70%,ON/OFF
DMX 11,Group 49,VIP-VIP-6,,100%,100%,100%,100%,100%,100%,100%,100%,100%,100%,100%,100%,100%,100%,100%,100%,100%,100%,100%,100%,100%,100%,100%,100%,100%,90%,70%,ON/OFF
,Group 50,VIP-VIP-7,,100%,100%,100%,100%,100%,100%,100%,100%,100%,100%,100%,100%,100%,100%,100%,100%,100%,100%,100%,100%,100%,100%,100%,100%,100%,90%,70%,ON/OFF
,Group 51,VIP-WC-1,,100%,100%,100%,100%,100%,100%,100%,100%,100%,100%,100%,100%,100%,100%,100%,100%,100%,100%,100%,100%,100%,100%,100%,100%,100%,90%,70%,ON/OFF
,Group 52,VIP-WC-2,,75%,75%,75%,75%,75%,75%,75%,75%,75%,75%,75%,75%,75%,75%,75%,75%,75%,75%,75%,75%,75%,75%,75%,75%,100%,90%,70%,ON/OFF
DMX 12,Group 53,SPARE,,100%,100%,100%,100%,100%,100%,100%,100%,100%,100%,100%,100%,100%,100%,100%,100%,100%,100%,100%,100%,100%,100%,100%,100%,100%,90%,70%,ON/OFF
,Group 54,SPARE,,100%,100%,100%,100%,100%,100%,100%,100%,100%,100%,100%,100%,100%,100%,100%,100%,100%,100%,100%,100%,100%,100%,100%,100%,100%,90%,70%,ON/OFF
,Group 55,SPARE,,100%,100%,100%,100%,100%,100%,100%,100%,100%,100%,100%,100%,100%,100%,100%,100%,100%,100%,100%,100%,100%,100%,100%,100%,100%,90%,70%,ON/OFF
,Group 56,SPARE,,100%,100%,100%,100%,100%,100%,100%,100%,100%,100%,100%,100%,100%,100%,100%,100%,100%,100%,100%,100%,100%,100%,100%,100%,100%,90%,70%,ON/OFF
DMX 13,Group 57,PT3.3-J-1,,75%,75%,75%,75%,75%,75%,75%,75%,75%,75%,75%,75%,75%,75%,75%,75%,75%,75%,75%,75%,75%,75%,75%,75%,100%,90%,70%,ON/OFF
,Group 58,PT3.3-M1-1,,100%,100%,100%,100%,100%,100%,100%,100%,100%,100%,100%,100%,100%,100%,100%,100%,100%,100%,100%,100%,100%,100%,100%,100%,100%,90%,70%,ON/OFF
,Group 59,PT3.3-M-2.1,,100%,100%,100%,100%,100%,100%,100%,100%,100%,100%,100%,100%,100%,100%,100%,100%,100%,100%,100%,100%,100%,100%,100%,100%,100%,90%,70%,ON/OFF
,Group 60,PT3.3-M-2.2,,100%,100%,100%,100%,100%,100%,100%,100%,100%,100%,100%,100%,100%,100%,100%,100%,100%,100%,100%,100%,100%,100%,100%,100%,100%,90%,70%,ON/OFF
DMX 14,Group 61,PT3.3-M-3,,100%,100%,100%,100%,100%,100%,100%,100%,100%,100%,100%,100%,100%,100%,100%,100%,100%,100%,100%,100%,100%,100%,100%,100%,100%,90%,70%,ON/OFF
,Group 62,PT3.3-M-4,,100%,100%,100%,100%,100%,100%,100%,100%,100%,100%,100%,100%,100%,100%,100%,100%,100%,100%,100%,100%,100%,100%,100%,100%,100%,90%,70%,ON/OFF
,Group 63,PT3.3-M-5,,75%,75%,75%,75%,75%,75%,75%,75%,75%,75%,75%,75%,75%,75%,75%,75%,75%,75%,75%,75%,75%,75%,75%,75%,100%,90%,70%,ON/OFF
,Group 64,PT3.3-M-6,,100%,100%,100%,100%,100%,100%,100%,100%,100%,100%,100%,100%,100%,100%,100%,100%,100%,100%,100%,100%,100%,100%,100%,100%,100%,90%,70%,ON/OFF
DMX 15,Group 65,PT3.3-M-7,,75%,75%,75%,75%,75%,75%,75%,75%,75%,75%,75%,75%,75%,75%,75%,75%,75%,75%,75%,75%,75%,75%,75%,75%,100%,90%,70%,ON/OFF
,Group 66,PT3.3-M-8,,75%,75%,75%,75%,75%,75%,75%,75%,75%,75%,75%,75%,75%,75%,75%,75%,75%,75%,75%,75%,75%,75%,75%,75%,100%,90%,70%,ON/OFF
,Group 67,PT3.3-M-9,,75%,75%,75%,75%,75%,75%,75%,75%,75%,75%,75%,75%,75%,75%,75%,75%,75%,75%,75%,75%,75%,75%,75%,75%,100%,90%,70%,ON/OFF
,Group 68,PT3.3-M-10,,100%,100%,100%,100%,100%,100%,100%,100%,100%,100%,100%,100%,100%,100%,100%,100%,100%,100%,100%,100%,100%,100%,100%,100%,100%,90%,70%,ON/OFF
DMX 16,Group 69,PT3.3-M-11.1,,100%,100%,100%,100%,100%,100%,100%,100%,100%,100%,100%,100%,100%,100%,100%,100%,100%,100%,100%,100%,100%,100%,100%,100%,100%,90%,70%,ON/OFF
,Group 70,PT3.3-M-11.2,,100%,100%,100%,100%,100%,100%,100%,100%,100%,100%,100%,100%,100%,100%,100%,100%,100%,100%,100%,100%,100%,100%,100%,100%,100%,90%,70%,ON/OFF
,Group 71,PT3.3-M-11.3,,100%,100%,100%,100%,100%,100%,100%,100%,100%,100%,100%,100%,100%,100%,100%,100%,100%,100%,100%,100%,100%,100%,100%,100%,100%,90%,70%,ON/OFF
,Group 72,PT3.3-M-11.4,,100%,100%,100%,100%,100%,100%,100%,100%,100%,100%,100%,100%,100%,100%,100%,100%,100%,100%,100%,100%,100%,100%,100%,100%,100%,90%,70%,ON/OFF
DMX 17,Group 73,PT3.3-M-12.1,,100%,100%,100%,100%,100%,100%,100%,100%,100%,100%,100%,100%,100%,100%,100%,100%,100%,100%,100%,100%,100%,100%,100%,100%,100%,90%,70%,ON/OFF
,Group 74,PT3.3-M-12.2,,100%,100%,100%,100%,100%,100%,100%,100%,100%,100%,100%,100%,100%,100%,100%,100%,100%,100%,100%,100%,100%,100%,100%,100%,100%,90%,70%,ON/OFF
,Group 75,SPARE,,100%,100%,100%,100%,100%,100%,100%,100%,100%,100%,100%,100%,100%,100%,100%,100%,100%,100%,100%,100%,100%,100%,100%,100%,100%,90%,70%,ON/OFF
,Group 76,SPARE,,100%,100%,100%,100%,100%,100%,100%,100%,100%,100%,100%,100%,100%,100%,100%,100%,100%,100%,100%,100%,100%,100%,100%,100%,100%,90%,70%,ON/OFF
DMX 18,Group 77,PT3.4-D-1,,100%,100%,100%,100%,100%,100%,100%,100%,100%,100%,100%,100%,100%,100%,100%,100%,100%,100%,100%,100%,100%,100%,100%,100%,100%,90%,70%,ON/OFF
,Group 78,PT3.4-D-3,,100%,100%,100%,100%,100%,100%,100%,100%,100%,100%,100%,100%,100%,100%,100%,100%,100%,100%,100%,100%,100%,100%,100%,100%,100%,90%,70%,ON/OFF
,Group 79,PT3.4-D-4,,100%,100%,100%,100%,100%,100%,100%,100%,100%,100%,100%,100%,100%,100%,100%,100%,100%,100%,100%,100%,100%,100%,100%,100%,100%,90%,70%,ON/OFF
,Group 80,PT3.4-F-1,,100%,100%,100%,100%,100%,100%,100%,100%,100%,100%,100%,100%,100%,100%,100%,100%,100%,100%,100%,100%,100%,100%,100%,100%,100%,90%,70%,ON/OFF
DMX 19,Group 81,PT3.4-F-2.1,,100%,100%,100%,100%,100%,100%,100%,100%,100%,100%,100%,100%,100%,100%,100%,100%,100%,100%,100%,100%,100%,100%,100%,100%,100%,90%,70%,ON/OFF
,Group 82,PT3.4-F-2.2,,100%,100%,100%,100%,100%,100%,100%,100%,100%,100%,100%,100%,100%,100%,100%,100%,100%,100%,100%,100%,100%,100%,100%,100%,100%,90%,70%,ON/OFF
,Group 83,PT3.4-F-3,,75%,75%,75%,75%,75%,75%,75%,75%,75%,75%,75%,75%,75%,75%,75%,75%,75%,75%,75%,75%,75%,75%,75%,75%,100%,90%,70%,ON/OFF
,Group 84,PT3.4-F-4,,75%,75%,75%,75%,75%,75%,75%,75%,75%,75%,75%,75%,75%,75%,75%,75%,75%,75%,75%,75%,75%,75%,75%,75%,100%,90%,70%,ON/OFF
DMX 20,Group 85,PT3.4-F-5,,100%,100%,100%,100%,100%,100%,100%,100%,100%,100%,100%,100%,100%,100%,100%,100%,100%,100%,100%,100%,100%,100%,100%,100%,100%,90%,70%,ON/OFF
,Group 86,PT3.4-F-6,P-AJ02W,100%,100%,100%,100%,100%,100%,100%,100%,100%,100%,100%,100%,100%,100%,100%,100%,100%,100%,100%,100%,100%,100%,100%,100%,100%,90%,70%,ON/OFF
,Group 87,PT3.4-F-6,P-DL02W,75%,75%,75%,75%,75%,75%,75%,75%,75%,75%,75%,75%,75%,75%,75%,75%,75%,75%,75%,75%,75%,75%,75%,75%,100%,90%,70%,ON/OFF
,Group 88,PT3.4-F-7,,100%,100%,100%,100%,100%,100%,100%,100%,100%,100%,100%,100%,100%,100%,100%,100%,100%,100%,100%,100%,100%,100%,100%,100%,100%,90%,70%,ON/OFF
,Group 89,PT3.4-F-8,,75%,75%,75%,75%,75%,75%,75%,75%,75%,75%,75%,75%,75%,75%,75%,75%,75%,75%,75%,75%,75%,75%,75%,75%,100%,90%,70%,ON/OFF
DMX 21,Group 90,PT3.4-F-9,,100%,100%,100%,100%,100%,100%,100%,100%,100%,100%,100%,100%,100%,100%,100%,100%,100%,100%,100%,100%,100%,100%,100%,100%,100%,90%,70%,ON/OFF
,Group 91,PT3.4-F-10.1,,100%,100%,100%,100%,100%,100%,100%,100%,100%,100%,100%,100%,100%,100%,100%,100%,100%,100%,100%,100%,100%,100%,100%,100%,100%,90%,70%,ON/OFF
,Group 92,PT3.4-F-10.2,,100%,100%,100%,100%,100%,100%,100%,100%,100%,100%,100%,100%,100%,100%,100%,100%,100%,100%,100%,100%,100%,100%,100%,100%,100%,90%,70%,ON/OFF
,Group 93,PT3.4-F-11,,100%,100%,100%,100%,100%,100%,100%,100%,100%,100%,100%,100%,100%,100%,100%,100%,100%,100%,100%,100%,100%,100%,100%,100%,100%,90%,70%,ON/OFF
DMX 22,Group 94,PT3.4-J-1,,75%,75%,75%,75%,75%,75%,75%,75%,75%,75%,75%,75%,75%,75%,75%,75%,75%,75%,75%,75%,75%,75%,75%,75%,100%,90%,70%,ON/OFF
,Group 95,SPARE,,100%,100%,100%,100%,100%,100%,100%,100%,100%,100%,100%,100%,100%,100%,100%,100%,100%,100%,100%,100%,100%,100%,100%,100%,100%,90%,70%,ON/OFF
,Group 96,SPARE,,100%,100%,100%,100%,100%,100%,100%,100%,100%,100%,100%,100%,100%,100%,100%,100%,100%,100%,100%,100%,100%,100%,100%,100%,100%,90%,70%,ON/OFF
,Group 97,SPARE,,100%,100%,100%,100%,100%,100%,100%,100%,100%,100%,100%,100%,100%,100%,100%,100%,100%,100%,100%,100%,100%,100%,100%,100%,100%,90%,70%,ON/OFF
DMX 23,Group 98,VIP-FY-1.1 1~4,,100%,100%,100%,100%,100%,100%,100%,100%,100%,100%,100%,100%,100%,100%,100%,100%,100%,100%,100%,100%,100%,100%,100%,100%,100%,90%,70%,ON/OFF
,Group 99,SPARE,,100%,100%,100%,100%,100%,100%,100%,100%,100%,100%,100%,100%,100%,100%,100%,100%,100%,100%,100%,100%,100%,100%,100%,100%,100%,90%,70%,ON/OFF
,Group 100,SPARE,,100%,100%,100%,100%,100%,100%,100%,100%,100%,100%,100%,100%,100%,100%,100%,100%,100%,100%,100%,100%,100%,100%,100%,100%,100%,90%,70%,ON/OFF
,Group 101,SPARE,,100%,100%,100%,100%,100%,100%,100%,100%,100%,100%,100%,100%,100%,100%,100%,100%,100%,100%,100%,100%,100%,100%,100%,100%,100%,90%,70%,ON/OFF
DMX 24,Group 102,VIP-PF-1.1 1~3,,100%,100%,100%,100%,100%,100%,100%,100%,100%,100%,100%,100%,100%,100%,100%,100%,100%,100%,100%,100%,100%,100%,100%,100%,100%,90%,70%,ON/OFF
,Group 103,VIP-PF-1.2 1~3,,100%,100%,100%,100%,100%,100%,100%,100%,100%,100%,100%,100%,100%,100%,100%,100%,100%,100%,100%,100%,100%,100%,100%,100%,100%,90%,70%,ON/OFF
,Group 104,SPARE,,100%,100%,100%,100%,100%,100%,100%,100%,100%,100%,100%,100%,100%,100%,100%,100%,100%,100%,100%,100%,100%,100%,100%,100%,100%,90%,70%,ON/OFF
,Group 105,SPARE,,100%,100%,100%,100%,100%,100%,100%,100%,100%,100%,100%,100%,100%,100%,100%,100%,100%,100%,100%,100%,100%,100%,100%,100%,100%,90%,70%,ON/OFF
DMX 25,Group 106,VIP-VIP-1 1~3,,100%,100%,100%,100%,100%,100%,100%,100%,100%,100%,100%,100%,100%,100%,100%,100%,100%,100%,100%,100%,100%,100%,100%,100%,100%,90%,70%,ON/OFF
,Group 107,VIP-FY-1.2 1~4,,100%,100%,100%,100%,100%,100%,100%,100%,100%,100%,100%,100%,100%,100%,100%,100%,100%,100%,100%,100%,100%,100%,100%,100%,100%,90%,70%,ON/OFF
,Group 108,SPARE,,100%,100%,100%,100%,100%,100%,100%,100%,100%,100%,100%,100%,100%,100%,100%,100%,100%,100%,100%,100%,100%,100%,100%,100%,100%,90%,70%,ON/OFF
,Group 109,SPARE,,100%,100%,100%,100%,100%,100%,100%,100%,100%,100%,100%,100%,100%,100%,100%,100%,100%,100%,100%,100%,100%,100%,100%,100%,100%,90%,70%,ON/OFF
AC TRIAC 2CH (1),Group 110,PT3.3-M-13,,100%,100%,100%,100%,100%,100%,100%,100%,100%,100%,100%,100%,100%,100%,100%,100%,100%,100%,100%,100%,100%,100%,100%,100%,100%,90%,70%,ON/OFF
,Group 111,SPARE,,100%,100%,100%,100%,100%,100%,100%,100%,100%,100%,100%,100%,100%,100%,100%,100%,100%,100%,100%,100%,100%,100%,100%,100%,100%,90%,70%,ON/OFF
AC TRIAC 4CH (1),Group 112,PT3.4-D-3,,100%,100%,100%,100%,100%,100%,100%,100%,100%,100%,100%,100%,100%,100%,100%,100%,100%,100%,100%,100%,100%,100%,100%,100%,100%,90%,70%,ON/OFF
,Group 113,PT3.4-F-12,,100%,100%,100%,100%,100%,100%,100%,100%,100%,100%,100%,100%,100%,100%,100%,100%,100%,100%,100%,100%,100%,100%,100%,100%,100%,90%,70%,ON/OFF
,Group 114,SPARE,,100%,100%,100%,100%,100%,100%,100%,100%,100%,100%,100%,100%,100%,100%,100%,100%,100%,100%,100%,100%,100%,100%,100%,100%,100%,90%,70%,ON/OFF
,Group 115,SPARE,,100%,100%,100%,100%,100%,100%,100%,100%,100%,100%,100%,100%,100%,100%,100%,100%,100%,100%,100%,100%,100%,100%,100%,100%,100%,90%,70%,ON/OFF
TỦ ĐIỆN ,DMX-LT-M1,,,,,,,,,,,,,,,,,,,,,,,,,,,,,,
,,,,,,,,,,,,,,,,,,,,,,,,,,,,,,,
DMX ,"ĐỊA CHỈ
(Group)  ",TÊN LỘ ,,SCENE SETTING,,,,,,,,,,,,,,,,,,,,,,,,SCENE OVERIDE M1,,,
,,,,DAY TIME,,,,,,,,,,,,Night Time,,,,,,,Late Time,,,,,EVENT M1,BRIGHT M1,DIM M1,MASTER ON/OFF M1
,,,,6:00,7:00,8:00,9:00,10:00,11:00,12:00,13:00,14:00,15:00,16:00,17:00,18:00,19:00,20:00,21:00,22:00,23:00,0:00,1:00,2:00,3:00,4:00,5:00,,,,
DMX 1,Group 116,VIP-C1-1.1 1~3,,100%,100%,100%,100%,100%,100%,100%,100%,100%,100%,100%,100%,100%,100%,100%,100%,100%,100%,100%,100%,100%,100%,100%,100%,100%,90%,70%,ON/OFF
,Group 117,VIP-C1-1.2 1~3,,100%,100%,100%,100%,100%,100%,100%,100%,100%,100%,100%,100%,100%,100%,100%,100%,100%,100%,100%,100%,100%,100%,100%,100%,100%,90%,70%,ON/OFF
,Group 118,SPARE,,100%,100%,100%,100%,100%,100%,100%,100%,100%,100%,100%,100%,100%,100%,100%,100%,100%,100%,100%,100%,100%,100%,100%,100%,100%,90%,70%,ON/OFF
,Group 119,SPARE,,100%,100%,100%,100%,100%,100%,100%,100%,100%,100%,100%,100%,100%,100%,100%,100%,100%,100%,100%,100%,100%,100%,100%,100%,100%,90%,70%,ON/OFF
DMX 2,Group 120,VIP-M1-1.1 1~3,,100%,100%,100%,100%,100%,100%,100%,100%,100%,100%,100%,100%,100%,100%,100%,100%,100%,100%,100%,100%,100%,100%,100%,100%,100%,90%,70%,ON/OFF
,Group 121,VIP-M1-1.2 1~3,,100%,100%,100%,100%,100%,100%,100%,100%,100%,100%,100%,100%,100%,100%,100%,100%,100%,100%,100%,100%,100%,100%,100%,100%,100%,90%,70%,ON/OFF
,Group 122,SPARE,,100%,100%,100%,100%,100%,100%,100%,100%,100%,100%,100%,100%,100%,100%,100%,100%,100%,100%,100%,100%,100%,100%,100%,100%,100%,90%,70%,ON/OFF
,Group 123,SPARE,,100%,100%,100%,100%,100%,100%,100%,100%,100%,100%,100%,100%,100%,100%,100%,100%,100%,100%,100%,100%,100%,100%,100%,100%,100%,90%,70%,ON/OFF
DMX 3,Group 124,VIP-C1-2.1,,100%,100%,100%,100%,100%,100%,100%,100%,100%,100%,100%,100%,100%,100%,100%,100%,100%,100%,100%,100%,100%,100%,100%,100%,100%,90%,70%,ON/OFF
,Group 125,VIP-C1-2.2,,100%,100%,100%,100%,100%,100%,100%,100%,100%,100%,100%,100%,100%,100%,100%,100%,100%,100%,100%,100%,100%,100%,100%,100%,100%,90%,70%,ON/OFF
,Group 126,VIP-C1-2.3,,100%,100%,100%,100%,100%,100%,100%,100%,100%,100%,100%,100%,100%,100%,100%,100%,100%,100%,100%,100%,100%,100%,100%,100%,100%,90%,70%,ON/OFF
,Group 127,VIP-C1-2.4,,100%,100%,100%,100%,100%,100%,100%,100%,100%,100%,100%,100%,100%,100%,100%,100%,100%,100%,100%,100%,100%,100%,100%,100%,100%,90%,70%,ON/OFF
DMX 4,Group 128,VIP-C1-5,,100%,100%,100%,100%,100%,100%,100%,100%,100%,100%,100%,100%,100%,100%,100%,100%,100%,100%,100%,100%,100%,100%,100%,100%,100%,90%,70%,ON/OFF
,Group 129,VIP-C1-6,,100%,100%,100%,100%,100%,100%,100%,100%,100%,100%,100%,100%,100%,100%,100%,100%,100%,100%,100%,100%,100%,100%,100%,100%,100%,90%,70%,ON/OFF
,Group 130,VIP-C1-7,,100%,100%,100%,100%,100%,100%,100%,100%,100%,100%,100%,100%,100%,100%,100%,100%,100%,100%,100%,100%,100%,100%,100%,100%,100%,90%,70%,ON/OFF
,Group 131,VIP-C1-8,,100%,100%,100%,100%,100%,100%,100%,100%,100%,100%,100%,100%,100%,100%,100%,100%,100%,100%,100%,100%,100%,100%,100%,100%,100%,90%,70%,ON/OFF
DMX 5,Group 132,VIP-LL1-1,,100%,100%,100%,100%,100%,100%,100%,100%,100%,100%,100%,100%,100%,100%,100%,100%,100%,100%,100%,100%,100%,100%,100%,100%,100%,90%,70%,ON/OFF
,Group 133,VIP-LL1-2,,100%,100%,100%,100%,100%,100%,100%,100%,100%,100%,100%,100%,100%,100%,100%,100%,100%,100%,100%,100%,100%,100%,100%,100%,100%,90%,70%,ON/OFF
,Group 134,VIP-LL1-3,,100%,100%,100%,100%,100%,100%,100%,100%,100%,100%,100%,100%,100%,100%,100%,100%,100%,100%,100%,100%,100%,100%,100%,100%,100%,90%,70%,ON/OFF
,Group 135,VIP-LL-2,,100%,100%,100%,100%,100%,100%,100%,100%,100%,100%,100%,100%,100%,100%,100%,100%,100%,100%,100%,100%,100%,100%,100%,100%,100%,90%,70%,ON/OFF
DMX 6,Group 136,VIP-LL-3,,75%,75%,75%,75%,75%,75%,75%,75%,75%,75%,75%,75%,75%,75%,75%,75%,75%,75%,75%,75%,75%,75%,75%,75%,100%,90%,70%,ON/OFF
,Group 137,VIP-M1-2.1,,75%,75%,75%,75%,75%,75%,75%,75%,75%,75%,75%,75%,75%,75%,75%,75%,75%,75%,75%,75%,75%,75%,75%,75%,100%,90%,70%,ON/OFF
,Group 138,VIP-M1-2.2,,75%,75%,75%,75%,75%,75%,75%,75%,75%,75%,75%,75%,75%,75%,75%,75%,75%,75%,75%,75%,75%,75%,75%,75%,100%,90%,70%,ON/OFF
,Group 139,VIP-M1-2.3,,75%,75%,75%,75%,75%,75%,75%,75%,75%,75%,75%,75%,75%,75%,75%,75%,75%,75%,75%,75%,75%,75%,75%,75%,100%,90%,70%,ON/OFF
DMX 7,Group 140,VIP-M1-3,,100%,100%,100%,100%,100%,100%,100%,100%,100%,100%,100%,100%,100%,100%,100%,100%,100%,100%,100%,100%,100%,100%,100%,100%,100%,90%,70%,ON/OFF
,Group 141,VIP-M1-4,,100%,100%,100%,100%,100%,100%,100%,100%,100%,100%,100%,100%,100%,100%,100%,100%,100%,100%,100%,100%,100%,100%,100%,100%,100%,90%,70%,ON/OFF
,Group 142,SPARE,,100%,100%,100%,100%,100%,100%,100%,100%,100%,100%,100%,100%,100%,100%,100%,100%,100%,100%,100%,100%,100%,100%,100%,100%,100%,90%,70%,ON/OFF
,Group 143,SPARE,,100%,100%,100%,100%,100%,100%,100%,100%,100%,100%,100%,100%,100%,100%,100%,100%,100%,100%,100%,100%,100%,100%,100%,100%,100%,90%,70%,ON/OFF
DMX 8,Group 144,SPARE,,100%,100%,100%,100%,100%,100%,100%,100%,100%,100%,100%,100%,100%,100%,100%,100%,100%,100%,100%,100%,100%,100%,100%,100%,100%,90%,70%,ON/OFF
,Group 145,SPARE,,100%,100%,100%,100%,100%,100%,100%,100%,100%,100%,100%,100%,100%,100%,100%,100%,100%,100%,100%,100%,100%,100%,100%,100%,100%,90%,70%,ON/OFF
,Group 146,SPARE,,100%,100%,100%,100%,100%,100%,100%,100%,100%,100%,100%,100%,100%,100%,100%,100%,100%,100%,100%,100%,100%,100%,100%,100%,100%,90%,70%,ON/OFF
,Group 147,SPARE,,100%,100%,100%,100%,100%,100%,100%,100%,100%,100%,100%,100%,100%,100%,100%,100%,100%,100%,100%,100%,100%,100%,100%,100%,100%,90%,70%,ON/OFF
TỦ ĐIỆN ,DMX-LT-M2,,,,,,,,,,,,,,,,,,,,,,,,,,,,,,
,,,,,,,,,,,,,,,,,,,,,,,,,,,,,,,
DMX ,"ĐỊA CHỈ
(Group)  ",TÊN LỘ ,,SCENE SETTING,,,,,,,,,,,,,,,,,,,,,,,,SCENE OVERIDE M2,,,
,,,,DAY TIME,,,,,,,,,,,,Night Time,,,,,,,Late Time,,,,,EVENT M2,BRIGHT M2,DIM M2,MASTER ON/OFF M2
,,,,6:00,7:00,8:00,9:00,10:00,11:00,12:00,13:00,14:00,15:00,16:00,17:00,18:00,19:00,20:00,21:00,22:00,23:00,0:00,1:00,2:00,3:00,4:00,5:00,,,,
DMX 1,Group 148,VIP-C2-1.1 1~3,,100%,100%,100%,100%,100%,100%,100%,100%,100%,100%,100%,100%,100%,100%,100%,100%,100%,100%,100%,100%,100%,100%,100%,100%,100%,90%,70%,ON/OFF
,Group 149,VIP-C2-1.2 1~3,,100%,100%,100%,100%,100%,100%,100%,100%,100%,100%,100%,100%,100%,100%,100%,100%,100%,100%,100%,100%,100%,100%,100%,100%,100%,90%,70%,ON/OFF
,Group 150,SPARE,,100%,100%,100%,100%,100%,100%,100%,100%,100%,100%,100%,100%,100%,100%,100%,100%,100%,100%,100%,100%,100%,100%,100%,100%,100%,90%,70%,ON/OFF
,Group 151,SPARE,,100%,100%,100%,100%,100%,100%,100%,100%,100%,100%,100%,100%,100%,100%,100%,100%,100%,100%,100%,100%,100%,100%,100%,100%,100%,90%,70%,ON/OFF
DMX 2,Group 152,VIP-M1-1.1 1~3,,100%,100%,100%,100%,100%,100%,100%,100%,100%,100%,100%,100%,100%,100%,100%,100%,100%,100%,100%,100%,100%,100%,100%,100%,100%,90%,70%,ON/OFF
,Group 153,VIP-M1-1.2 1~3,,100%,100%,100%,100%,100%,100%,100%,100%,100%,100%,100%,100%,100%,100%,100%,100%,100%,100%,100%,100%,100%,100%,100%,100%,100%,90%,70%,ON/OFF
,Group 154,SPARE,,100%,100%,100%,100%,100%,100%,100%,100%,100%,100%,100%,100%,100%,100%,100%,100%,100%,100%,100%,100%,100%,100%,100%,100%,100%,90%,70%,ON/OFF
,Group 155,SPARE,,100%,100%,100%,100%,100%,100%,100%,100%,100%,100%,100%,100%,100%,100%,100%,100%,100%,100%,100%,100%,100%,100%,100%,100%,100%,90%,70%,ON/OFF
DMX 3,Group 156,VIP-C2-2,,75%,75%,75%,75%,75%,75%,75%,75%,75%,75%,75%,75%,75%,75%,75%,75%,75%,75%,75%,75%,75%,75%,75%,75%,100%,90%,70%,ON/OFF
,Group 157,VIP-C2-3,,100%,100%,100%,100%,100%,100%,100%,100%,100%,100%,100%,100%,100%,100%,100%,100%,100%,100%,100%,100%,100%,100%,100%,100%,100%,90%,70%,ON/OFF
,Group 158,VIP-C2-4,,100%,100%,100%,100%,100%,100%,100%,100%,100%,100%,100%,100%,100%,100%,100%,100%,100%,100%,100%,100%,100%,100%,100%,100%,100%,90%,70%,ON/OFF
,Group 159,VIP-C2-5,,100%,100%,100%,100%,100%,100%,100%,100%,100%,100%,100%,100%,100%,100%,100%,100%,100%,100%,100%,100%,100%,100%,100%,100%,100%,90%,70%,ON/OFF
DMX 4,Group 160,VIP-M2-2.1,,75%,75%,75%,75%,75%,75%,75%,75%,75%,75%,75%,75%,75%,75%,75%,75%,75%,75%,75%,75%,75%,75%,75%,75%,100%,90%,70%,ON/OFF
,Group 161,VIP-M2-2.2,,75%,75%,75%,75%,75%,75%,75%,75%,75%,75%,75%,75%,75%,75%,75%,75%,75%,75%,75%,75%,75%,75%,75%,75%,100%,90%,70%,ON/OFF
,Group 162,VIP-M2-2.3,,75%,75%,75%,75%,75%,75%,75%,75%,75%,75%,75%,75%,75%,75%,75%,75%,75%,75%,75%,75%,75%,75%,75%,75%,100%,90%,70%,ON/OFF
,Group 163,VIP-M2-3,,100%,100%,100%,100%,100%,100%,100%,100%,100%,100%,100%,100%,100%,100%,100%,100%,100%,100%,100%,100%,100%,100%,100%,100%,100%,90%,70%,ON/OFF
DMX 5,Group 164,VIP-M2-4,,75%,75%,75%,75%,75%,75%,75%,75%,75%,75%,75%,75%,75%,75%,75%,75%,75%,75%,75%,75%,75%,75%,75%,75%,100%,90%,70%,ON/OFF
,Group 165,VIP-M2-5,,100%,100%,100%,100%,100%,100%,100%,100%,100%,100%,100%,100%,100%,100%,100%,100%,100%,100%,100%,100%,100%,100%,100%,100%,100%,90%,70%,ON/OFF
,Group 166,VIP-M2-6,,100%,100%,100%,100%,100%,100%,100%,100%,100%,100%,100%,100%,100%,100%,100%,100%,100%,100%,100%,100%,100%,100%,100%,100%,100%,90%,70%,ON/OFF
,Group 167,SPARE,,100%,100%,100%,100%,100%,100%,100%,100%,100%,100%,100%,100%,100%,100%,100%,100%,100%,100%,100%,100%,100%,100%,100%,100%,100%,90%,70%,ON/OFF
DMX 6,Group 168,SPARE,,100%,100%,100%,100%,100%,100%,100%,100%,100%,100%,100%,100%,100%,100%,100%,100%,100%,100%,100%,100%,100%,100%,100%,100%,100%,90%,70%,ON/OFF
,Group 169,SPARE,,100%,100%,100%,100%,100%,100%,100%,100%,100%,100%,100%,100%,100%,100%,100%,100%,100%,100%,100%,100%,100%,100%,100%,100%,100%,90%,70%,ON/OFF
,Group 170,SPARE,,100%,100%,100%,100%,100%,100%,100%,100%,100%,100%,100%,100%,100%,100%,100%,100%,100%,100%,100%,100%,100%,100%,100%,100%,100%,90%,70%,ON/OFF
,Group 171,SPARE,,100%,100%,100%,100%,100%,100%,100%,100%,100%,100%,100%,100%,100%,100%,100%,100%,100%,100%,100%,100%,100%,100%,100%,100%,100%,90%,70%,ON/OFF
